Model,R2_Score,MAE,RMSE,Training_Time_s
xgboost,0.02271446677388389,188675.39198124773,998339.1579421215,6.345242023468018
gradient_boosting,0.016242646921003856,194173.18648144184,1001639.3243434714,1.875046968460083
lightgbm,-0.028533349301281596,237206.17957208242,1024180.6344304169,1.7773635387420654
