Model,R2_Score,MAE,RMSE,Training_Time_s
Optimized_XGBoost,0.7017395420529902,81527.33181920278,118244.67782490431,4.13172721862793
